Title,Description,Assignee,Labels 
Review AWS CHE multi non-prod budget,"Review the AWS CHE multi non-prod budget of $4,778 for the year and assess actual spending against it. Owner: JZ.",,FinOps;budget-review 
Shut down Evolve PRP accounts,"Reach out to Darryl to investigate and shut down the Evolve PRP accounts. Shutting these down reduces the budget overage from $3,000/month to $4,000 total for the year. Owners: Byron, Andrew, Debbie, Melissa.",,FinOps;cost-optimization 
Add Evolve PRP shutdown to budget ticket,"Include the Evolve PRP account shutdown in the budget ticket. Owner: Byron.",,FinOps;budget-review 
Create FinOps remediation JIRA tag,"Create a FinOps remediation tag/label for JIRA tickets related to workbook issues to enable remediation tracking. Owner: Byron.",,FinOps;process 
Investigate Cloud HSM in Shadow Health account,"Investigate the purpose and usage of Cloud HSM in the Shadow Health legacy account. A new significant expense appeared in May and June that had not appeared in prior months. Owner: Byron.",,FinOps;investigation 
Investigate SIM chart budget discrepancy,"Reach out to the SIM chart engineer to investigate the $4,500 budget discrepancy and the $400-$500 increase in May and June. Owner: Byron.",,FinOps;investigation 
Review Sure Path ElastiCache resizing ticket (NHE TIO 2430),"Review the Sure Path ElastiCache resizing ticket (NHE TIO 2430) to realize $1,000 in cost savings for July. Owners: Byron, JZ.",,FinOps;cost-optimization 
Analyze ELS production cost overage YoY,"Analyze ELS production environment costs using AWS cost analyzer tools and compare this year to last year to identify the main contributors to the $10,000 monthly overage; provide Brandon with a component breakdown. Owners: Byron, JZ.",,FinOps;investigation 
Confirm Reserved Instance commitments or set a date,"Obtain Reserved Instance (TRDR) commitments for July, September, and November, or provide a firm date. Owner: JZ (with Yushin, Kandarp).",,FinOps;planning
